aaa,1111,홍길동,길동동,8788 Elgar Road,50000000
bbb,2222,유관순,관순스,31120 Waubesa Lane,70000000
ccc,3333,이순신,장군감,336 Barby Alley,80000000
sbillyard3,2716,Simonne,Billyard,80400 Mitchell Trail,70000000
cleckie4,3506,Cecelia,Leckie,8 Ridgeway Street,60000000
ccrellin5,8877,Carol,Crellin,65 Manufacturers Road,70000000
acuddehy6,8375,Arlana,Cuddehy,122 Memorial Pass,70000000
shallawell7,6479,Shelby,Hallawell,21976 Claremont Trail,50000000
daxell8,3080,Demeter,Axell,53 Lindbergh Alley,100000000
sharmson9,1261,Saundra,Harmson,49 Sloan Parkway,50000000
wgorgera,2645,Wilbur,Gorger,575 Messerschmidt Plaza,80000000
dscramageb,2540,Denyse,Scramage,1723 Vermont Place,90000000
scutmorec,8752,Sophey,Cutmore,3 Lien Plaza,60000000
lsandwichd,3570,Lauritz,Sandwich,06253 Karstens Trail,80000000
ccawcutte,1375,Cyndia,Cawcutt,67539 North Road,90000000
imccurleyf,9156,Ileane,McCurley,813 Anniversary Center,80000000
tpleasaunceg,9819,Tracie,Pleasaunce,363 Schmedeman Pass,80000000
clyfeh,9190,Cthrine,Lyfe,0 Golden Leaf Parkway,50000000
afrancelloi,6048,Algernon,Francello,7686 Duke Avenue,60000000
eluppittj,9842,Ebba,Luppitt,52 Crescent Oaks Center,50000000
